<?xml version="1.0" encoding="utf-8" ?>
<component name="WeatherForecastView" extends="Group">
	<interface>
		<field id="itemContent" type="node" onChange="itemContentChanged" />
	</interface>
	<script type="text/brightscript">
<![CDATA[ 
	Function itemContentChanged() as void
		itemData = m.top.itemContent
		m.weatherForecast.updateData = itemData
	End function
  
	Function init() as void 
		m.weatherForecast  = m.top.findNode("weatherForecast")
	End function
]]>
	</script>

	<children>
		<Rectangle color="0x00000010">
		<WeatherForecast id="weatherForecast"/>
		</Rectangle>
	</children>
</component>
