<?xml version="1.0" encoding="UTF-8"?>
<component name="SettingDetails" extends="BaseDetails">
	<script type="text/brightscript" uri="pkg:/components/settings/SettingDetails.brs" />

	<children>
		<Rectangle id="settingOverlay" width="1920" height="1080"
			color="0x000000" translation="[0, 0]">
			<Label id="contentTitle" horizAlign="center" color="0xFFFFFF"
				text="Terms of Service" height="90" translation="[0, 60]" vertAlign="center"
				width="1920">
				<Font role="font" uri="pkg:/fonts/Roboto-Medium.ttf" size="64" />
			</Label>
			<ScrollableText id="contentDescriptions" width="1020"
				scrollbarTrackBitmapUri="pkg:/images/2.png" scrollbarThumbBitmapUri="pkg:/images/2.png"
				height="780" translation="[450, 200]"
				text="Specifies the height of the node. If the text to be displayed is larger than this height, a scrollbar is automatically added on the right, allowing users to scroll up and down using the remote's arrow keys. Specifies the URI of an image file to be loaded to replace the default scrollbar track. This should be a 9-patch image so that it can be stretched to the appropriate height specifed by the height field. Specifies the URI of an image file to be loaded to replace the default scrollbar track. This should be a 9-patch image so that it can be stretched to the appropriate height specifed by the height field. Specifies the URI of an image file to be loaded to replace the default scrollbar track. This should be a 9-patch image so that it can be stretched to the appropriate height specifed by the height field.Specifies the height of the node. If the text to be displayed is larger than this height, a scrollbar is automatically added on the right, allowing users to scroll up and down using the remote's arrow keys. Specifies the URI of an image file to be loaded to replace the default scrollbar track. This should be a 9-patch image so that it can be stretched to the appropriate height specifed by the height field. Specifies the URI of an image file to be loaded to replace the default scrollbar track. This should be a 9-patch image so that it can be stretched to the appropriate height specifed by the height field. Specifies the URI of an image file to be loaded to replace the default scrollbar track. This should be a 9-patch image so that it can be stretched to the appropriate height specifed by the height field.Specifies the height of the node. If the text to be displayed is larger than this height, a scrollbar is automatically added on the right, allowing users to scroll up and down using the remote's arrow keys. Specifies the URI of an image file to be loaded to replace the default scrollbar track. This should be a 9-patch image so that it can be stretched to the appropriate height specifed by the height field. Specifies the URI of an image file to be loaded to replace the default scrollbar track. This should be a 9-patch image so that it can be stretched to the appropriate height specifed by the height field. Specifies the URI of an image file to be loaded to replace the default scrollbar track. This should be a 9-patch image so that it can be stretched to the appropriate height specifed by the height field."
				color="0xFFFFFF">
				<Font role="font" uri="pkg:/fonts/Roboto-Medium.ttf" size="28" />
			</ScrollableText>
			<Rectangle width="1420" height="780" color="0x000000" id="feedBack"
				translation="[250, 200]">
				<Poster id="primaryImage" width="400" height="400" loadWidth="400"
					translation="[500, 0]" loadHeight="400" uri="pkg:/images/splash_720p.png"
					loadDisplayMode="scaleToFill" />

				<Label horizAlign="left" color="0xFFFFFF" wrap="true"
					maxLines="2"
					text="Have Thoughts about our app? Send us feedback by scanning the above QR code in your phone's camera app or QR scanning app."
					height="140" translation="[0, 460]" vertAlign="center" width="1420">
					<Font role="font" uri="pkg:/fonts/Roboto-Medium.ttf" size="36" />
				</Label>

				<Label id="appName" horizAlign="left" color="0xFFFFFF"
					text="NBC New York(Mobile app) - Roku OS" height="48" translation="[0, 650]"
					vertAlign="center" width="1420">
					<Font role="font" uri="pkg:/fonts/Roboto-Medium.ttf" size="32" />
				</Label>

				<Label horizAlign="left" color="0xFFFFFF" text="Version 1.001"
					height="48" translation="[0, 710]" vertAlign="center" width="1420">
					<Font role="font" uri="pkg:/fonts/Roboto-Medium.ttf" size="32" />
				</Label>

			</Rectangle>

		</Rectangle>
	</children>
</component>
